ID,Vector Clock,Values
user (3),"25,44,39,0,29,37,29",
sensor (2),"34,44,0,39,29,37,29",138.53999;25.72000
verifier (1),"25,60,0,39,29,37,29",
sensor (0),"25,44,0,0,29,37,31",23.83000;23.37000
user (5),"25,44,0,39,29,37,29",
verifier (6),"25,44,0,0,29,58,29",
sensor (4),"25,44,0,39,35,37,29",28.30000;21.87000
