ID,Vector Clock,Values
sensor (0),"0,0,28,28,32,33,35",72.43000;25.80000
verifier (1),"0,0,47,28,32,33,32",
sensor (2),"0,0,28,37,32,33,32",24.92000;146.25999
verifier (6),"0,0,28,28,32,46,32",
user (3),"40,0,28,28,32,33,32",
user (5),"0,40,28,28,32,33,32",
sensor (4),"0,0,47,37,43,46,32",15.67000;114.67000
